kind,repository_path,bytes,sha256
source,S2_frozen_source/.gitignore,179,21157d9f354ef62db738488d648dd9febbbb7f2cbb822cf9aa6e094adb1c264a
source,S2_frozen_source/DEPLOY.md,4800,0483b12bb81a7d5153b0f2a9545e00b2785e7934dbeb634d5856e485d14892c4
source,S2_frozen_source/LICENSE,1086,d5c25106491f9cc93b35f4b0bf7bb08a33fd010191ce7163b6f6fead8dd23232
source,S2_frozen_source/README.md,9505,bdc2af02a20477ab1c88abe22816bd837f76fe8dfcea48cddf040610f6dd4176
source,S2_frozen_source/USER_GUIDE.md,3856,de3ef55a742c4469f859c0370e9b61ac5ac3a52bf8a3a16580ab6f8152ea79c6
source,S2_frozen_source/backend/.env.example,2276,9305334e9f6c2e9415187c766c529c1acc7e678c39adacc8f5b2523508a0751b
source,S2_frozen_source/backend/app/__init__.py,0,e3b0c44298fc1c149afbf4c8996fb92427ae41e4649b934ca495991b7852b855
source,S2_frozen_source/backend/app/config.py,3230,ef04e859646340c32d4c26296cb78b896ed489e4627136251993003178fbe032
source,S2_frozen_source/backend/app/database.py,4287,614a5bb7f0e7cf9e97389e6b8f64d317bcd79324b8bbc0f8c97a00e0f8f896eb
source,S2_frozen_source/backend/app/main.py,1170,f186aea1c8d6e41cb71caa789c65ed8ef1387ccbffcbb9363ae1be168df91b48
source,S2_frozen_source/backend/app/models.py,4258,07a2405586e06355577060a413b2925aeb4c6b34ad775bbd0d506573c438e421
source,S2_frozen_source/backend/app/routers/__init__.py,0,e3b0c44298fc1c149afbf4c8996fb92427ae41e4649b934ca495991b7852b855
source,S2_frozen_source/backend/app/routers/documents.py,7849,e23d280e56dcc89a7142968b10e059dd2a2e2d15e6b94c6ec8ab19fb6a249c52
source,S2_frozen_source/backend/app/routers/search.py,1907,75ff0b543897e828a3b9e9caf912914a402f5aeadafb14b098e1fbc6d119600b
source,S2_frozen_source/backend/app/routers/settings.py,2289,d9a64883ad2c4674c4fb26af4bfea194276774db6cb28aa806a49ee39b33c7db
source,S2_frozen_source/backend/app/routers/stats.py,1181,13503d0a07354b0a400a135fce5cc815b6a32dff656cca2ec936055192618d24
source,S2_frozen_source/backend/app/schemas.py,2371,021bf12d6f78cf0110921a1ea0984d1827c3d3f5a2e0bec33966cc83637ebe60
source,S2_frozen_source/backend/app/services/__init__.py,0,e3b0c44298fc1c149afbf4c8996fb92427ae41e4649b934ca495991b7852b855
source,S2_frozen_source/backend/app/services/embedding_service.py,3603,db016049c180fa6aa7de65fd5f25aa5eebeb7ea2b12017a149add4c5e39cf361
source,S2_frozen_source/backend/app/services/export_service.py,1272,0f3f8598791f67eb6bbeafc4a5d7529a3ee101f70237792512e5d2f526f06534
source,S2_frozen_source/backend/app/services/extraction_service.py,8763,e8bbfa2fa3c3d4fb9f8706f636e1f5f019e14ed4ca9b69a91eef68bb623071bb
source,S2_frozen_source/backend/app/services/llm_service.py,5163,a14e0815bf83b15d7c2b73c42871ad7a039166b5209c78e41a1051db86acbaea
source,S2_frozen_source/backend/app/services/ocr_service.py,1673,87858f3878ca867d7f882897c29e4afd8c786b12134326341fcfd88adfe49574
source,S2_frozen_source/backend/app/services/pdf_service.py,15851,10d8333e05c288d4ad35ff4db61fb9cff5edf23a44157760eb97ed2a77f5d594
source,S2_frozen_source/backend/app/services/search_service.py,13600,e36c36ef9452206454c6a5f8407924df506f1c8e900908ee95dae8eb00af4cba
source,S2_frozen_source/backend/requirements.txt,236,df46825f22e18d5b21742a209dc7348731929414e7981afec4a52d6e02c8347a
source,S2_frozen_source/backend/scripts/_http_smoke.py,3421,2aee31640b54394e62b53a672a630d8b5f2ac897f72742c08437b760be844c85
source,S2_frozen_source/backend/scripts/create_demo_pdf.py,3050,0f01a0d3bf3fdcbdc6ca9af9a508102448bb173bddfc98679d20720ea1037d63
source,S2_frozen_source/backend/scripts/export_data.py,2125,f1da87db58e019042151c40ddf2a070c8a3eab00477593cb5b24a81e9e7d954b
source,S2_frozen_source/backend/scripts/reset_data.py,2619,8f16b7069095cb0a3a24b6f02707ac804dff61caafda49bde152cfcc2c1032ba
source,S2_frozen_source/backend/scripts/smoke_test.py,3584,26b3289967c450eea39b5a77e42dd644198c4f4d593287ed392c8767f66ae0e9
source,S2_frozen_source/data/page_images/.gitkeep,0,e3b0c44298fc1c149afbf4c8996fb92427ae41e4649b934ca495991b7852b855
source,S2_frozen_source/data/uploads/.gitkeep,0,e3b0c44298fc1c149afbf4c8996fb92427ae41e4649b934ca495991b7852b855
source,S2_frozen_source/docker-compose.yml,663,d4d24a4e95898c3adeb0275a42a3545404ff40f94f37cdaa168c76653b970e24
source,S2_frozen_source/frontend/index.html,433,2507ddf995a55d1f67d3192a2b5c1282e7202b3d48ba2d3e1c22464a77f9c285
source,S2_frozen_source/frontend/package-lock.json,91285,07061f1a3b7767f8cae5e5b429fcafc7ec3e008403b3a22530819c85e72345b5
source,S2_frozen_source/frontend/package.json,597,9fb30c6d3d269032c66f572055c446520891b564e1ae6ac5348f7d209525d54d
source,S2_frozen_source/frontend/postcss.config.js,81,e32657baf631d7c5f4dc67b4b2ee0ec8e7d5b3c41860e09cddce7c0377cd80bc
source,S2_frozen_source/frontend/src/App.tsx,2467,0164a6e4c571551ecaea6409e02dd9b4e319286a6d3383cb1ba6d15b644f566c
source,S2_frozen_source/frontend/src/api/client.ts,4167,9c725dd4839f9cc83cf451f37ac7858efd1e3a84409d9b86d6b5ec8eb49d7718
source,S2_frozen_source/frontend/src/components/StatusBadge.tsx,896,034602dbd4d8f0d0e9a6b2dd2b76b04ffee765df0536a2beeca390dc484319ae
source,S2_frozen_source/frontend/src/i18n/index.tsx,1471,b6f945470aa1e953444a844eef33d9d1314fd583dc3560e6dd44ed2867156e88
source,S2_frozen_source/frontend/src/i18n/translations.ts,11009,f3d1e54c0dc055f7cedbf0dde97b2834fb138a556f29a3cf0aa19f98ba77938b
source,S2_frozen_source/frontend/src/index.css,558,b64cf43344221f2385f8a544c2580b9b0dd6f1b7ade78f585cdcef475487c63b
source,S2_frozen_source/frontend/src/main.tsx,1183,4ad28a9f41c4a163c89a0f3bab47b3d25c30ed79af08c18c61d2a4ad6dd05221
source,S2_frozen_source/frontend/src/pages/Dashboard.tsx,4994,3793bb83c9e3a032f7102c6e0f6ee4bf1926039bd424b41877077f06899b7ff3
source,S2_frozen_source/frontend/src/pages/Documents.tsx,10010,1f5b55f9804448415bf89b253571a6a72e9fbcbad8d0989e0f53ad39ea786f22
source,S2_frozen_source/frontend/src/pages/Search.tsx,8996,10fe7f22923fa2c284e82849964c2eea31e44647ae4c39e957373419a75fc168
source,S2_frozen_source/frontend/src/pages/Settings.tsx,5906,41b5c528e25d94271641aa7a4fb21a5c56d88349a9177561945adaa68e7dd79c
source,S2_frozen_source/frontend/src/pages/Upload.tsx,5519,edf8f87b6e2a82867db8630629963150cb62acb022b950347a9c85cc62cc307b
source,S2_frozen_source/frontend/src/pages/Viewer.tsx,6361,ff818359f536a6725dedde6fb25fae604273dbbac5be8958a8c45a4ae4ecf07e
source,S2_frozen_source/frontend/src/types/index.ts,1498,b3b4db33023be2707fab79d4c27fc4d211bf82a2edfaf279ea45215fbb73bd24
source,S2_frozen_source/frontend/tailwind.config.js,691,55dea2d5483cebea63f6ffd4ae5e00612604f32e251b54d499afa9b483a44710
source,S2_frozen_source/frontend/tsconfig.json,581,78b84bab4afb7f2e2908939f9e542e17fa5f4afdecf234b45a823928ce1b27ab
source,S2_frozen_source/frontend/vite.config.ts,772,0cd92a3bc0f0ddc8c124b7332df4c422b49ced9d3100467032197637343a758e
source,S2_frozen_source/start.bat,1595,25d9d9cc53c0a4589b82b594261a85b2c67dc2346235e82050ae80a5d2d3a711
source,S2_frozen_source/start.sh,1805,b5c7669be64209d76aff293b7382770e8da06a471c86be46d2130752c88fec7e
record,records/all_target_nonreturns.csv,3686,87ac4ad6da3f2d7e879c0550ce789f60cdedf806efcc02dfa132afcc646dd055
record,records/current/baseline_a/execution_audit.json,2467,1ec4821853ebb6f560f8c5058577ca5d44bff91756cd2e179f812dfcf8f9ea44
record,records/current/baseline_a/reproduced_results.json,40442,ad94a53706cd5d6516ec82c1ef58b26ae09d2953325887f25fd62cf76cc8b3b3
record,records/current/baseline_a/storage_audit.json,49237,5b6a752ebfd219b403a1204f6fe9452ecf10aa0c1482615bcfc59511cac81ad7
record,records/current/baseline_b/execution_audit.json,2467,6c36fa76ba3e65bcc34ff4b501be160930ac06a144ffa2a501785a63926a6a96
record,records/current/baseline_b/reproduced_results.json,40442,5e2e5a844af248d51bf4290f983d9878fc56443ffbbdd5f68bd7d0f4bbfe0eed
record,records/current/baseline_b/storage_audit.json,49237,5b6a752ebfd219b403a1204f6fe9452ecf10aa0c1482615bcfc59511cac81ad7
record,records/current/execution_commands.json,2485,7a187e70afc357bcb567aa10f52d46294e0dc9642136c201b3a30a91a7280a36
record,records/current/execution_environment.json,934,49aed5a19973a783b0f795b40ef881ef009543f19a7cec302cb7f6dd30aed64c
record,records/current/extension_a/controls.json,15406,cc745a4f6942eef533d9ebcffb52182494fb38ff1912a325ed833cdd252ce442
record,records/current/extension_a/execution_audit.json,2769,8ec2f0f408c3f05583cc6dbc27c818db677d0556b0e77f020f52a4342cc20a63
record,records/current/extension_a/reproduced_results.json,84880,99b2a6f82d619bfcb572672d0c5811c5ad1bbb80886a84f7976a0572ce0ac220
record,records/current/extension_a/storage_audit.json,84900,e5e9a4340f26014d31a4d7730821ba36ae56c323fc3b671ceb59259686ce761f
record,records/current/extension_b/controls.json,15406,cc745a4f6942eef533d9ebcffb52182494fb38ff1912a325ed833cdd252ce442
record,records/current/extension_b/execution_audit.json,2769,c7c7eb82b2286fbc29db36dc0a736e160e7791f65440bed1cc54f11f6ec1e444
record,records/current/extension_b/reproduced_results.json,84880,e8ffe34ccb9bf7746586fe22ea55130d6e0f340b5d02df679a86b336c9bcbd3e
record,records/current/extension_b/storage_audit.json,84900,e5e9a4340f26014d31a4d7730821ba36ae56c323fc3b671ceb59259686ce761f
record,records/extract_supplements.py,2631,953632347b4d91c2670abe0a2ccca5abc9356438d5d7d9a84c5c0f4044778dbc
record,records/frozen_extension_anchors.csv,9974,edb1b20cbd5dc5c2fa9b923db2a9c98605e7f0a23c45f0314884de733a313367
record,records/frozen_script_manifest.json,1483,0077301213ded807e118da2ae900ca4a08578a35cf5b9c3ec4012c1407075fbc
record,records/historical/baseline_case_summary.csv,1223,1ca6fa11d1685d1b9fb4b23c0c84672de40ded66dcf40fcbb9a586f35bfea589
record,records/historical/baseline_documentary_claim_check.csv,996,86335416b62443261de46cd0fad5072a795e703a413c0bb205103a4636d2ee23
record,records/historical/baseline_public_locator_checks.csv,2461,4644dccb9d7e35ca99bab40fe2ccfb1d773cbd28eb54af1d2b594b2275fb3c1e
record,records/historical/baseline_reproduced_here.json,40442,b307644913a47e9616aa93f7e4764e1d88580f74be157142b5de6c62663c38d6
record,records/historical/baseline_selected_source_pages.csv,4714,e1abb2e423841d69a700e024a8f61328ab1fc1ee7210967fa0cc9f25358d2686
record,records/historical/baseline_selected_target_checks.csv,1599,f92dcae10adc88a1854d3c74a4699ad30aacd958b9d565322bcd9f93b32c2b76
record,records/historical/baseline_software_behavior_checks.csv,896,09df6ef092a586b0a3ee6d5488a1c126b29f1e172277f6002974d9d584542500
record,records/historical/baseline_source_inspection_annotations.json,4869,4b9ecece81002e65bc1e34bc291207772d82a1d51c41c43f5aa3c181b66da4ef
record,records/historical/extension_controls_1.json,15416,28df50e199e9302f60a07d2245ceabff1eb9e31577a421ccdfdac2f93b1de23c
record,records/historical/extension_controls_2.json,15416,28df50e199e9302f60a07d2245ceabff1eb9e31577a421ccdfdac2f93b1de23c
record,records/historical/extension_protocol_before_replay.json,1784,03e3120a9c5f34ef9a8c28d39c68d4bc499a338da02ed0ddd8ede892da329869
record,records/historical/extension_run_1.json,84875,9eca5e0a803464281a5c67204f8827adf09fd1e2debba00c39ebb5fb81d711ab
record,records/historical/extension_run_2.json,84875,7e2d6729ee38fc75c5a2f02c0fdd6029d5be40dd418e19048977b3a3c98d7b57
record,records/historical/historical_record_index.json,841,3a28650560a547ce5d98e3edadb100ae0a5108c942a45b41f794c2cf6064853c
record,records/historical/original_experiment_protocol.json,1976,138d517c4bbc458c18e62a5d2e919f7ae021c7afe267b477ad4d002c64e10652
record,records/historical/original_local_replay_run_1.json,74305,57640cae5e02d5521339aa9e97485623bfcb74a66259fe18ff85590de0fa06c6
record,records/historical/original_local_replay_run_2.json,74305,fe5a33b62b7e3cbdb153b2a17adf95682067df115afb2812e79fd4fe7224a2ee
record,records/historical/original_source_inspection_annotations.json,4869,4b9ecece81002e65bc1e34bc291207772d82a1d51c41c43f5aa3c181b66da4ef
record,records/historical/original_source_page_observations.json,9435,f5e9f99a2e3aa8099a1e8ea39297c0726252b953601e2a5dae8cb13e0058bdc4
record,records/historical/public_input_provenance.json,1102,64c4e6033a176b04cbcbbd62f160a107d152ec307edeaa3c1e969bb2fca89557
record,records/page_locators.csv,6665,d917c834372dcc7bdc9f5a2b63e132d423ddde3c001ee8d80e24d3ae16039d10
record,records/README.txt,2288,681b76bc05d83e7538f7e4a818fb0a75c3193f7d01565d95001c99c51b56402f
record,records/replay_audit_summary.json,26878,c1c970feb9710b32d09b0d0dd021a053a4d6a3be711afae28a643291c27e7a55
record,records/replay_comparison.json,10852,c352d6258bcdcf1f48e1c1a07abefafbc971422e958a7ea4b0ae6eb69647483a
record,records/reproduce/check_controls.py,5035,693f2540934b6821b53ffe70525745ba762498f65b61bed5d656c4493331e02f
record,records/reproduce/extension_input_spec.json,22976,a5d3f432a6cc3a1eb097d1a75c235d6b71566f6646021cea1bf3e5991926e3de
record,records/reproduce/replay_input_spec.json,14764,b7ca0fb080a1ecce3714023c883a4c62ddb76f70ec93419a6b559322c3739004
record,records/reproduce/reproduce_baseline.py,8845,3ce2a8cd40e20b51c5dc199afec57e721dd82f7d17465b749276f9b34c5ad90e
record,records/reproduce/requirements-replay.txt,181,8896f4419b93385791069fb1638c916caa5d72f042186fe2eb647517ac6f0709
record,records/reproduce/requirements-resolved.lock,394,bbac41a652df65a4580b617f39d4a316f9f2a9abc0cf0e7d80323ed6cdd1d331
record,records/reproduce/run_extension_replay.py,10247,07260ff493c01691da45b615ddcaf161f744a5ccd2967c8b27a7f32e5f495fd7
record,records/reproduce/run_trace_adapter.py,4019,753618ad6dc1c87e88550952aed11930baa4ba60cff3f0631c08fb5548467b26
record,records/reproduce/SOURCE_MANIFEST.json,16418,57b30cc25cc7f34fd698c4d2d490128facbf30a3632d9d0de1bc9eeb144203b5
record,records/S2_source_manifest.json,16420,470bdda8819f50a9135107cb98c3af334b5ba6e10c56fdc6acaae8b00643b280
record,records/sample_results.csv,680,cd053e8eb36baf146d4483e036b867ea520cf802eac5e91668ea9458f2a355a1
record,records/selection_input_checks.json,10319,fe858f06a534969a4290332a12104a4dfc4255c3b2d11407597dd8257108c43d
