sample,candidate_id,source_identifier,pdf_label,original_sequence,frozen_query,printed_form,literal_returned,scientific_returned,recorded_explanation,reading_status
baseline,E03,mobot31753002692298,513,516,Psilopeganum,Psilopeganum,False,False,Printed genus Psilopeganum recorded as Pelopeganum in the existing text layer; isolated genus outside binomial rule.,documentary inspection; no independent human/expert confirmation
baseline,E06,mobot31753002692298,3,527,Psilopeganum sinense,PSILOPEGANUM SINENSE,True,False,All-uppercase plate caption omitted by conservative genus/epithet extraction rule.,documentary inspection; no independent human/expert confirmation
extension,N01,mobot31753002692298,25,28,Liriodendron Tulipifera,Liriodendron Tulipifera,True,False,Capitalized species epithet does not satisfy the current lowercase-epithet rule.,documentary inspection; no independent human/expert confirmation
extension,N03,mobot31753002692298,150,153,Rourea Millettii,Rourea Millettii,True,False,Capitalized species epithet does not satisfy the current lowercase-epithet rule.,documentary inspection; no independent human/expert confirmation
extension,N04,mobot31753002692298,225,228,Spiraea pubescens,Spiræa pubescens,False,False,Printed ligature æ differs from query ae; name rule also excludes æ.,documentary inspection; no independent human/expert confirmation
extension,N04,mobot31753002692298,225,228,Spiraea chinensis,Spiræa chinensis,False,False,Printed ligature æ differs from query ae; name rule also excludes æ.,documentary inspection; no independent human/expert confirmation
extension,N06,mobot31753002692298,400,403,Dipsacus Gmelini,Dipsacus Gmelini,True,False,Capitalized species epithet does not satisfy the current lowercase-epithet rule.,documentary inspection; no independent human/expert confirmation
extension,N07,mobot31753000294055,25,35,Hydrangea Davidi,Hydrangea Davidi,True,False,Capitalized species epithet does not satisfy the current lowercase-epithet rule.,documentary inspection; no independent human/expert confirmation
extension,N08,mobot31753000294055,75,85,Padus acrophylla,Padus acro- / phylla,False,False,Word split with a line-end hyphen; the query joins the word.,documentary inspection; no independent human/expert confirmation
extension,N12,mobot31753000294055,400,414,Magnolia Yulan,Magnolia Yulan,True,False,Capitalized species epithet does not satisfy the current lowercase-epithet rule.,documentary inspection; no independent human/expert confirmation
extension,N16,mobot31753002073309,225,230,Rhamnella Wilsonii,Rhamnella Wilsonii,True,False,Capitalized species epithet does not satisfy the current lowercase-epithet rule.,documentary inspection; no independent human/expert confirmation
extension,N16,mobot31753002073309,225,230,Rhamnella Martinii,Rhamnella Martinii,True,False,Capitalized species epithet does not satisfy the current lowercase-epithet rule.,documentary inspection; no independent human/expert confirmation
extension,N17,mobot31753002073309,300,305,Pyrus Aria,Pyrus Aria,True,False,Capitalized species epithet does not satisfy the current lowercase-epithet rule.,documentary inspection; no independent human/expert confirmation
extension,N17,mobot31753002073309,300,305,Pyrus Bodinieri,Pyrus Bodinieri,True,False,Capitalized species epithet does not satisfy the current lowercase-epithet rule.,documentary inspection; no independent human/expert confirmation
extension,N18,mobot31753002073309,400,405,Ternstroemia Lushia,Ternstroemia Lushia,True,False,Capitalized species epithet does not satisfy the current lowercase-epithet rule.,documentary inspection; no independent human/expert confirmation
