candidate_id,source_identifier,pdf_page_label,original_one_based_sequence,public_page_url,frozen_query,observed_printed_form,literal_target_page_returned,scientific_target_page_returned,failure_reason,query_representation_note,reading_basis
N01,mobot31753002692298,25,28,https://archive.org/details/mobot31753002692298/page/n27,Liriodendron Tulipifera,Liriodendron Tulipifera,True,False,Capitalized species epithet does not satisfy the current lowercase-epithet rule.,Query preserves the visible string.,documentary visual page inspection; no independent human ground truth
N01,mobot31753002692298,25,28,https://archive.org/details/mobot31753002692298/page/n27,Schizandra chinensis,Schizandra chinensis,True,True,,Query preserves the visible string.,documentary visual page inspection; no independent human ground truth
N02,mobot31753002692298,75,78,https://archive.org/details/mobot31753002692298/page/n77,Garcinia multiflora,Garcinia multiflora,True,True,,Query preserves the visible string.,documentary visual page inspection; no independent human ground truth
N02,mobot31753002692298,75,78,https://archive.org/details/mobot31753002692298/page/n77,Garcinia oblongifolia,Garcinia oblongifolia,True,True,,Query preserves the visible string.,documentary visual page inspection; no independent human ground truth
N03,mobot31753002692298,150,153,https://archive.org/details/mobot31753002692298/page/n152,Rourea Millettii,Rourea Millettii,True,False,Capitalized species epithet does not satisfy the current lowercase-epithet rule.,Query preserves the visible string.,documentary visual page inspection; no independent human ground truth
N03,mobot31753002692298,150,153,https://archive.org/details/mobot31753002692298/page/n152,Rourea santaloides,Rourea santaloides,True,True,,Query preserves the visible string.,documentary visual page inspection; no independent human ground truth
N04,mobot31753002692298,225,228,https://archive.org/details/mobot31753002692298/page/n227,Spiraea pubescens,Spiræa pubescens,False,False,Printed ligature æ differs from query ae; name rule also excludes æ.,"The frozen query expands the printed ligature. This is a query representation difference, not an OCR error.",documentary visual page inspection; no independent human ground truth
N04,mobot31753002692298,225,228,https://archive.org/details/mobot31753002692298/page/n227,Spiraea chinensis,Spiræa chinensis,False,False,Printed ligature æ differs from query ae; name rule also excludes æ.,"The frozen query expands the printed ligature. This is a query representation difference, not an OCR error.",documentary visual page inspection; no independent human ground truth
N05,mobot31753002692298,300,303,https://archive.org/details/mobot31753002692298/page/n302,Melastoma repens,Melastoma repens,True,True,,Query preserves the visible string.,documentary visual page inspection; no independent human ground truth
N05,mobot31753002692298,300,303,https://archive.org/details/mobot31753002692298/page/n302,Osbeckia repens,Osbeckia repens,True,True,,Query preserves the visible string.,documentary visual page inspection; no independent human ground truth
N06,mobot31753002692298,400,403,https://archive.org/details/mobot31753002692298/page/n402,Dipsacus japonicus,Dipsacus japonicus,True,True,,Query preserves the visible string.,documentary visual page inspection; no independent human ground truth
N06,mobot31753002692298,400,403,https://archive.org/details/mobot31753002692298/page/n402,Dipsacus Gmelini,Dipsacus Gmelini,True,False,Capitalized species epithet does not satisfy the current lowercase-epithet rule.,Query preserves the visible string.,documentary visual page inspection; no independent human ground truth
N07,mobot31753000294055,25,35,https://archive.org/details/mobot31753000294055/page/n34,Hydrangea umbellata,Hydrangea umbellata,True,True,,Query preserves the visible string.,documentary visual page inspection; no independent human ground truth
N07,mobot31753000294055,25,35,https://archive.org/details/mobot31753000294055/page/n34,Hydrangea Davidi,Hydrangea Davidi,True,False,Capitalized species epithet does not satisfy the current lowercase-epithet rule.,Query preserves the visible string.,documentary visual page inspection; no independent human ground truth
N08,mobot31753000294055,75,85,https://archive.org/details/mobot31753000294055/page/n84,Padus acrophylla,Padus acro- / phylla,False,False,Word split with a line-end hyphen; the query joins the word.,The frozen query joins a visible line-end hyphen. No source text correction was made.,documentary visual page inspection; no independent human ground truth
N08,mobot31753000294055,75,85,https://archive.org/details/mobot31753000294055/page/n84,P. virginiana,P. virginiana,True,True,,Query preserves the visible string.,documentary visual page inspection; no independent human ground truth
N09,mobot31753000294055,150,162,https://archive.org/details/mobot31753000294055/page/n161,Deutzia sessilifolia,Deutzia sessilifolia,True,True,,Query preserves the visible string.,documentary visual page inspection; no independent human ground truth
N09,mobot31753000294055,150,162,https://archive.org/details/mobot31753000294055/page/n161,Hydrangea xanthoneura,Hydrangea xanthoneura,True,True,,Query preserves the visible string.,documentary visual page inspection; no independent human ground truth
N10,mobot31753000294055,225,237,https://archive.org/details/mobot31753000294055/page/n236,Prunus tomentosa,Prunus tomentosa,True,True,,Query preserves the visible string.,documentary visual page inspection; no independent human ground truth
N11,mobot31753000294055,300,312,https://archive.org/details/mobot31753000294055/page/n311,Syringa tomentella,Syringa tomentella,True,True,,Query preserves the visible string.,documentary visual page inspection; no independent human ground truth
N11,mobot31753000294055,300,312,https://archive.org/details/mobot31753000294055/page/n311,Syringa velutina,Syringa velutina,True,True,,Query preserves the visible string.,documentary visual page inspection; no independent human ground truth
N12,mobot31753000294055,400,414,https://archive.org/details/mobot31753000294055/page/n413,Magnolia conspicua,Magnolia conspicua,True,True,,Query preserves the visible string.,documentary visual page inspection; no independent human ground truth
N12,mobot31753000294055,400,414,https://archive.org/details/mobot31753000294055/page/n413,Magnolia Yulan,Magnolia Yulan,True,False,Capitalized species epithet does not satisfy the current lowercase-epithet rule.,Query preserves the visible string.,documentary visual page inspection; no independent human ground truth
N13,mobot31753002073309,25,30,https://archive.org/details/mobot31753002073309/page/n29,Picea retroflexa,Picea retroflexa,True,True,,Query preserves the visible string.,documentary visual page inspection; no independent human ground truth
N13,mobot31753002073309,25,30,https://archive.org/details/mobot31753002073309/page/n29,P. asperata,P. asperata,True,True,,Query preserves the visible string.,documentary visual page inspection; no independent human ground truth
N14,mobot31753002073309,75,80,https://archive.org/details/mobot31753002073309/page/n79,Actinodaphne cupularis,Actinodaphne cupularis,True,True,,Query preserves the visible string.,documentary visual page inspection; no independent human ground truth
N14,mobot31753002073309,75,80,https://archive.org/details/mobot31753002073309/page/n79,Litsea cupularis,Litsea cupularis,True,True,,Query preserves the visible string.,documentary visual page inspection; no independent human ground truth
N15,mobot31753002073309,150,155,https://archive.org/details/mobot31753002073309/page/n154,Poncirus trifoliata,Poncirus trifoliata,True,True,,Query preserves the visible string.,documentary visual page inspection; no independent human ground truth
N15,mobot31753002073309,150,155,https://archive.org/details/mobot31753002073309/page/n154,Citrus trifoliata,Citrus trifoliata,True,True,,Query preserves the visible string.,documentary visual page inspection; no independent human ground truth
N16,mobot31753002073309,225,230,https://archive.org/details/mobot31753002073309/page/n229,Rhamnella Wilsonii,Rhamnella Wilsonii,True,False,Capitalized species epithet does not satisfy the current lowercase-epithet rule.,Query preserves the visible string.,documentary visual page inspection; no independent human ground truth
N16,mobot31753002073309,225,230,https://archive.org/details/mobot31753002073309/page/n229,Rhamnella Martinii,Rhamnella Martinii,True,False,Capitalized species epithet does not satisfy the current lowercase-epithet rule.,Query preserves the visible string.,documentary visual page inspection; no independent human ground truth
N17,mobot31753002073309,300,305,https://archive.org/details/mobot31753002073309/page/n304,Pyrus Aria,Pyrus Aria,True,False,Capitalized species epithet does not satisfy the current lowercase-epithet rule.,Query preserves the visible string.,documentary visual page inspection; no independent human ground truth
N17,mobot31753002073309,300,305,https://archive.org/details/mobot31753002073309/page/n304,Pyrus Bodinieri,Pyrus Bodinieri,True,False,Capitalized species epithet does not satisfy the current lowercase-epithet rule.,Query preserves the visible string.,documentary visual page inspection; no independent human ground truth
N18,mobot31753002073309,400,405,https://archive.org/details/mobot31753002073309/page/n404,Cleyera ochnacea,Cleyera ochnacea,True,True,,Query preserves the visible string.,documentary visual page inspection; no independent human ground truth
N18,mobot31753002073309,400,405,https://archive.org/details/mobot31753002073309/page/n404,Ternstroemia Lushia,Ternstroemia Lushia,True,False,Capitalized species epithet does not satisfy the current lowercase-epithet rule.,Query preserves the visible string.,documentary visual page inspection; no independent human ground truth
