sample,candidate_id,source_identifier,pdf_label,original_zero_based_sequence,original_one_based_sequence,excerpt_one_based_sequence,pdf_text_sha256,public_page_url,source_confirmation
baseline,E01,mobot31753002692298,103,105,106,1,454f2d2c006682f2bb31eb0d2da8782b318554dec5154e1bc0059949727ecb73,https://archive.org/details/mobot31753002692298/page/n105,documentary record; no independent human/expert confirmation
baseline,E02,mobot31753002692298,491,493,494,2,a3a1dcf995307e46763e044a8f921c7664d3850bdeadab82b4c55cd17ba9ba25,https://archive.org/details/mobot31753002692298/page/n493,documentary record; no independent human/expert confirmation
baseline,E03,mobot31753002692298,513,515,516,3,323479bba4e90bc8d6c6231c4634298e7618030990ca02de236143c64e98ad37,https://archive.org/details/mobot31753002692298/page/n515,documentary record; no independent human/expert confirmation
baseline,E04,mobot31753002692298,3,5,6,4,417202d58949a8acf9013afb71ce5c0f88314f0aa77531d37fca7c8c1c0d1a51,https://archive.org/details/mobot31753002692298/page/n5,documentary record; no independent human/expert confirmation
baseline,E05,mobot31753002692298,489,491,492,5,2dbea84ded5b3c0a730aaefacf63abdea242e1b0121aa5b1143c17f91389ebba,https://archive.org/details/mobot31753002692298/page/n491,documentary record; no independent human/expert confirmation
baseline,E06,mobot31753002692298,3,526,527,6,0deea879491d0b1ddc70f7b3748cfc544b79dfd7c4f69017a6131c64d236113e,https://archive.org/details/mobot31753002692298/page/n526,documentary record; no independent human/expert confirmation
baseline,E07,mobot31753002692298,355,357,358,7,3be5cfbac3b182cfc017c12c6de6d797f36a72492a7c97084f05ac004dbafbca,https://archive.org/details/mobot31753002692298/page/n357,documentary record; no independent human/expert confirmation
baseline,E08,mobot31753000294055,110,119,120,1,9ccb9c6c583a2730011efaadf1c9407d40e7f4877fdafb426cfad2d57eba51a8,https://archive.org/details/mobot31753000294055/page/n119,documentary record; no independent human/expert confirmation
baseline,E09,mobot31753000294055,310,321,322,2,95abef79e32b1d22774432327d9c30a4c61371802b35c2172fda008034e0d587,https://archive.org/details/mobot31753000294055/page/n321,documentary record; no independent human/expert confirmation
baseline,E10,mobot31753000294055,610,622,623,3,5ae87e2628c1a68bdb1cda4f9a403aa4a601d952db661fe29bad2dd9e3865565,https://archive.org/details/mobot31753000294055/page/n622,documentary record; no independent human/expert confirmation
extension,N01,mobot31753002692298,25,27,28,1,3bcc8e70ae782dcb38506f51bffd11233ac5fbfa513cf493ca3251b72ab7df62,https://archive.org/details/mobot31753002692298/page/n27,documentary record; no independent human/expert confirmation
extension,N02,mobot31753002692298,75,77,78,2,7e9d427aca430adb8cb28967394bd5926633156173a48164a6bd0c53147ae208,https://archive.org/details/mobot31753002692298/page/n77,documentary record; no independent human/expert confirmation
extension,N03,mobot31753002692298,150,152,153,3,90b6eee7f9ee9aeac86f5dc7c1f9bc195e12c3c9006c34ae5264c2d13c3c2cd4,https://archive.org/details/mobot31753002692298/page/n152,documentary record; no independent human/expert confirmation
extension,N04,mobot31753002692298,225,227,228,4,399fd90a430b28964db9d2f71df46fd320fadc4add2feda335059aac27b07f1f,https://archive.org/details/mobot31753002692298/page/n227,documentary record; no independent human/expert confirmation
extension,N05,mobot31753002692298,300,302,303,5,c338c8ade962374e9e3d93e787371b03e6070178a588d7099175fccf44af2241,https://archive.org/details/mobot31753002692298/page/n302,documentary record; no independent human/expert confirmation
extension,N06,mobot31753002692298,400,402,403,6,c94179947e36384890d1eae4e6f26863c56c176d819379a233c1b587f776f763,https://archive.org/details/mobot31753002692298/page/n402,documentary record; no independent human/expert confirmation
extension,N07,mobot31753000294055,25,34,35,1,dc84d96689ab5531554b1f3e031a37ae0c16273b370f3c43d8fb218681d8567d,https://archive.org/details/mobot31753000294055/page/n34,documentary record; no independent human/expert confirmation
extension,N08,mobot31753000294055,75,84,85,2,61ce847bb3d876a575bc90ec181be9d7d91c9ddb3854d7dd42f36c82b8d58017,https://archive.org/details/mobot31753000294055/page/n84,documentary record; no independent human/expert confirmation
extension,N09,mobot31753000294055,150,161,162,3,ec8a3c2e3b455989ac73a2e35f66fa2949f9513c990c9c88ec92168bc49015d3,https://archive.org/details/mobot31753000294055/page/n161,documentary record; no independent human/expert confirmation
extension,N10,mobot31753000294055,225,236,237,4,57a03a262f5534d1d0f5dff118487e0679bc893c3eb4901bbd999bc19b5e4592,https://archive.org/details/mobot31753000294055/page/n236,documentary record; no independent human/expert confirmation
extension,N11,mobot31753000294055,300,311,312,5,7bf99654fb46472d3f2d89b370d3bb23d1be8fc55a823c84f3de9f0e7fbf879e,https://archive.org/details/mobot31753000294055/page/n311,documentary record; no independent human/expert confirmation
extension,N12,mobot31753000294055,400,413,414,6,a6243eb53ebb0da3e3dba092e9a5c2d6aa9e96708658dc853a206d2222611e92,https://archive.org/details/mobot31753000294055/page/n413,documentary record; no independent human/expert confirmation
extension,N13,mobot31753002073309,25,29,30,1,8c412b97de4f966f2dd56b3ec44781a35898547fda72f1e0d117495cd9700c0e,https://archive.org/details/mobot31753002073309/page/n29,documentary record; no independent human/expert confirmation
extension,N14,mobot31753002073309,75,79,80,2,ace2ae001b6da41aa53e1020745a05b328f34ed586ef01350ebd59428d339c08,https://archive.org/details/mobot31753002073309/page/n79,documentary record; no independent human/expert confirmation
extension,N15,mobot31753002073309,150,154,155,3,c1334513eb6780bebb46b3d07ee9a602c723a98d46e27689d45901cde404ba80,https://archive.org/details/mobot31753002073309/page/n154,documentary record; no independent human/expert confirmation
extension,N16,mobot31753002073309,225,229,230,4,e9f86ebbaad868637973e92297f30f51c4312ce338c2434e6a26edd185508fee,https://archive.org/details/mobot31753002073309/page/n229,documentary record; no independent human/expert confirmation
extension,N17,mobot31753002073309,300,304,305,5,d87c174f37cf4d3211de94cf5ac0c69f35696c03797a953a73b9980f7239aa99,https://archive.org/details/mobot31753002073309/page/n304,documentary record; no independent human/expert confirmation
extension,N18,mobot31753002073309,400,404,405,6,7fc50f47108034b9f56300e704164f3a2314636254c0a25680a2a9e7db34dcbc,https://archive.org/details/mobot31753002073309/page/n404,documentary record; no independent human/expert confirmation
