candidate_id,public_source_page_url,source_identifier,source_one_based_sequence,pdf_label_metadata,printed_locator_assisted_reading,selected_name_assisted_reading,documentary_role_assisted_reading,inspection_note,public_platform_record_reobserved,assistant_visual_inspection_completed,human_or_external_expert_confirmation,inspection_date,source_pdf_text_sha256,source_confirmation_status
E01,https://archive.org/details/mobot31753002692298/page/n105,mobot31753002692298,106,103,103,Psilopeganum sinense,description with distribution and specimen context,The description includes albi with a qualification. The colour statement needs the volume's correction to be considered.,True,True,False,2026-10-04 (Asia/Taipei),454f2d2c006682f2bb31eb0d2da8782b318554dec5154e1bc0059949727ecb73,Independent author confirmation not recorded
E02,https://archive.org/details/mobot31753002692298/page/n493,mobot31753002692298,494,491,491,Psilopeganum sinense,explanation of Plate III,"A plate explanation, not an independent species description.",True,True,False,2026-10-04 (Asia/Taipei),a3a1dcf995307e46763e044a8f921c7664d3850bdeadab82b4c55cd17ba9ba25,Independent author confirmation not recorded
E03,https://archive.org/details/mobot31753002692298/page/n515,mobot31753002692298,516,513,513,Psilopeganum,index entry,"The printed genus points to 103 and 491, with a colour note pointing to 489. The text layer reads Pelopeganum and loses the continuation's 489; this is not a full-binomial occurrence.",False,True,False,2026-10-04 (Asia/Taipei),323479bba4e90bc8d6c6231c4634298e7618030990ca02de236143c64e98ad37,Independent author confirmation not recorded
E04,https://archive.org/details/mobot31753002692298/page/n5,mobot31753002692298,6,3,3,Clematis chinensis,taxonomic entry with cited and qualified name strings,"Clematis sinensis, Clematis minor, Clematis terniflora, C. ternifolia and C. terniflora are visible. Their co-occurrence does not establish that they all refer to the same accepted taxon.",True,True,False,2026-10-04 (Asia/Taipei),417202d58949a8acf9013afb71ce5c0f88314f0aa77531d37fca7c8c1c0d1a51,Independent author confirmation not recorded
E05,https://archive.org/details/mobot31753002692298/page/n491,mobot31753002692298,492,489,489,Psilopeganum sinense,correction to page 103,"The printed line explicitly replaces albi with flavi for the entry on page 103; the judgment concerns a documentary correction, not verification of flower colour in nature.",True,True,False,2026-10-04 (Asia/Taipei),2dbea84ded5b3c0a730aaefacf63abdea242e1b0121aa5b1143c17f91389ebba,Independent author confirmation not recorded
E06,https://archive.org/details/mobot31753002692298/page/n526,mobot31753002692298,527,3,Pl. 3,PSILOPEGANUM SINENSE,plate caption,"PDF metadata labels the plate 3, the same as the text page's label. The page is distinguished by its sequence and plate designation.",False,True,False,2026-10-04 (Asia/Taipei),0deea879491d0b1ddc70f7b3748cfc544b79dfd7c4f69017a6131c64d236113e,Independent author confirmation not recorded
E07,https://archive.org/details/mobot31753002692298/page/n357,mobot31753002692298,358,355,355,Viburnum rhytidophyllum,description with distribution and specimen context,The original heading bears n. sp.; no present-day accepted-name status is inferred.,False,True,False,2026-10-04 (Asia/Taipei),3be5cfbac3b182cfc017c12c6de6d797f36a72492a7c97084f05ac004dbafbca,Independent author confirmation not recorded
E08,https://archive.org/details/mobot31753000294055/page/n119,mobot31753000294055,120,110,110,Viburnum rhytidophyllum,literature citation with distribution and specimen context,"The entry cites Journal of the Linnean Society volume XXIII page 355, providing a documentary link to E07.",False,True,False,2026-10-04 (Asia/Taipei),9ccb9c6c583a2730011efaadf1c9407d40e7f4877fdafb426cfad2d57eba51a8,Independent author confirmation not recorded
E09,https://archive.org/details/mobot31753000294055/page/n321,mobot31753000294055,322,310,310,Viburnum rhytidophyllum,supplementary discussion with an internal page reference,The entry explicitly refers back to page 110; its taxonomic interpretation has not been independently evaluated.,False,True,False,2026-10-04 (Asia/Taipei),95abef79e32b1d22774432327d9c30a4c61371802b35c2172fda008034e0d587,Independent author confirmation not recorded
E10,https://archive.org/details/mobot31753000294055/page/n622,mobot31753000294055,623,610,610,Viburnum rhytidophyllum,index entry,The index entry points to pages 110 and 310. An index entry provides navigation rather than an independent description.,False,True,False,2026-10-04 (Asia/Taipei),5ae87e2628c1a68bdb1cda4f9a403aa4a601d952db661fe29bad2dd9e3865565,Independent author confirmation not recorded
